CBOW,0,10,0,10,100,1,1000000,10,0.38259976381637967,2.4875074127182646e-13,0.3684308771137108,2.1062840028849795e-12
CBOW,0,10,0,10,100,6,1000000,10,0.4809332907874661,5.301834854692442e-19,0.470233490114151,3.948761945484372e-18
CBOW,0,10,0,30,100,1,1000000,10,0.5436959012720961,4.392456523073105e-28,0.5276659748714578,2.8844548174832777e-26
CBOW,0,10,0,30,100,6,1000000,10,0.582881606997982,3.072071891319666e-29,0.5723581745851621,5.007535278256084e-28
CBOW,0,10,0,50,100,1,1000000,10,0.5677896091269211,2.398814551025603e-31,0.565949568840917,4.114677337982839e-31
CBOW,0,10,0,50,100,6,1000000,10,0.5892556362989765,1.5782984373139396e-29,0.5837355423674931,6.967066775383739e-29
CBOW,0,10,1,10,100,1,1000000,10,0.38886225570372746,6.166972885730748e-14,0.37656871616145593,4.2372603188583803e-13
CBOW,0,10,1,10,100,6,1000000,10,0.4798859714863717,7.390580085696014e-19,0.47615399580870066,1.4936629212582758e-18
CBOW,0,10,1,30,100,1,1000000,10,0.5066915376420628,3.6853881983649926e-24,0.48741205589197306,3.1717956405466226e-22
CBOW,0,10,1,30,100,6,1000000,10,0.5920375112373734,1.141207932403896e-29,0.5722454534572968,2.0910039183594776e-27
CBOW,0,10,1,50,100,1,1000000,10,0.5622280828145226,2.1537273315183356e-30,0.551263330348798,4.688692742064211e-29
CBOW,0,10,1,50,100,6,1000000,10,0.6140022212228379,2.2712489287590472e-32,0.6053605925124456,2.7797374299838087e-31
CBOW,0,15,0,10,100,1,1000000,10,0.4006810224296683,7.49065568039683e-15,0.36702568856535106,1.5447957928739986e-12
CBOW,0,15,0,10,100,6,1000000,10,0.485664859367756,8.225630345683476e-20,0.4758599053663698,5.579269599799254e-19
CBOW,0,15,0,30,100,1,1000000,10,0.5167997881101306,3.7152307364299615e-25,0.5148536812339759,5.9858130647419365e-25
CBOW,0,15,0,30,100,6,1000000,10,0.597313069228306,3.6201458466887376e-31,0.5824179799528058,2.293103955721679e-29
CBOW,0,15,0,50,100,1,1000000,10,0.5524113601639791,8.544472726458496e-29,0.54574986180299,5.156567336403722e-28
CBOW,0,15,0,50,100,6,1000000,10,0.5961162695970071,4.082519592623783e-31,0.5810441570538266,2.7028581680919425e-29
CBOW,0,15,1,10,100,1,1000000,10,0.3925570755774075,3.702859124808323e-14,0.37562386637600964,5.291861250158187e-13
CBOW,0,15,1,10,100,6,1000000,10,0.5124726911878371,4.308853819297925e-22,0.4893845912269006,5.1639379147262615e-20
CBOW,0,15,1,30,100,1,1000000,10,0.5258083585351975,6.40111537540565e-26,0.5086345509346961,4.237319601709691e-24
CBOW,0,15,1,30,100,6,1000000,10,0.6132409792990376,2.0840116635709037e-33,0.5962519038456582,3.147846976797415e-31
CBOW,0,15,1,50,100,1,1000000,10,0.5479775428427391,9.644425304253219e-29,0.5389252228593246,1.1053914062074541e-27
CBOW,0,15,1,50,100,6,1000000,10,0.6173108068803063,4.701081386404311e-34,0.5997254184667916,9.237180719241161e-32
CBOW,0,20,0,10,100,1,1000000,10,0.44539900618677014,2.0717549208707562e-18,0.41506176386099736,5.763427708692236e-16
CBOW,0,20,0,10,100,6,1000000,10,0.5029466070967379,1.156256712060673e-21,0.48150098539864533,9.587882291624284e-20
CBOW,0,20,0,30,100,1,1000000,10,0.5550912136988448,1.345877941378034e-29,0.5412076681392027,6.018079966220449e-28
CBOW,0,20,0,30,100,6,1000000,10,0.5957891764354392,8.693533490106346e-31,0.5836640944265883,2.4861796751917128e-29
CBOW,0,20,0,50,100,1,1000000,10,0.5919215201515909,1.0337188493516112e-33,0.5775112202166359,8.236017393205944e-32
CBOW,0,20,0,50,100,6,1000000,10,0.6097000664786033,7.68377976422251e-33,0.5935231820331809,8.53172964714776e-31
CBOW,0,20,1,10,100,1,1000000,10,0.4405946914785626,6.5301735517920325e-18,0.4018265437854855,6.758453190672185e-15
CBOW,0,20,1,10,100,6,1000000,10,0.4905488027095609,9.435060485923437e-20,0.46567422030436195,1.0295342551804523e-17
CBOW,0,20,1,30,100,1,1000000,10,0.5098381085405843,4.313214904785478e-24,0.5111511567274557,3.1582892029393116e-24
CBOW,0,20,1,30,100,6,1000000,10,0.6130350947309391,1.480760610807335e-32,0.5923116161261689,5.51195599611836e-30
CBOW,0,20,1,50,100,1,1000000,10,0.5367090468422283,1.6733859979519182e-27,0.5285265004056644,1.4115369445970096e-26
CBOW,0,20,1,50,100,6,1000000,10,0.6126939934058451,1.5322876218961326e-33,0.6067238253636961,9.323634744544726e-33
CBOW,0,5,0,10,100,1,1000000,10,0.3892137590507223,6.889509508440132e-14,0.3691585013037885,1.5124564791246874e-12
CBOW,0,5,0,10,100,1,3000000,10,0.3972429869838934,1.0222774128213598e-14,0.3659377558936607,1.4583191605157378e-12
CBOW,0,5,0,10,100,1,5000000,10,0.40823679033906174,2.0779506428795337e-15,0.39027499964838913,4.1556055614301826e-14
CBOW,0,5,0,10,100,1,7000000,10,0.4095542736447597,2.4044143137840032e-15,0.39250726910156913,4.0642301807438485e-14
CBOW,0,5,0,10,100,1,9000000,10,0.3888825911216643,4.051332683239175e-14,0.3701876094141759,7.669968925803657e-13
CBOW,0,5,0,10,100,6,1000000,10,0.4930688955710336,8.758969176941638e-20,0.4752033750130373,2.6324197052023776e-18
CBOW,0,5,0,10,100,6,3000000,10,0.4683355309966408,1.3468841472927039e-17,0.4489089297515984,3.91649321601126e-16
CBOW,0,5,0,10,100,6,5000000,10,0.4836090918609541,3.6315017769581295e-19,0.4723010069306473,3.060854424327348e-18
CBOW,0,5,0,10,100,6,7000000,10,0.4753857757395028,1.7246160214266993e-18,0.4580825195339635,4.001837364899111e-17
CBOW,0,5,0,10,100,6,9000000,10,0.4738339093914073,8.223706714120635e-19,0.46489678676798624,4.4168783936398475e-18
CBOW,0,5,0,10,125,1,1000000,10,0.39227272902320887,3.876929216178221e-14,0.37713039545329247,4.2027161547218925e-13
CBOW,0,5,0,10,125,1,3000000,10,0.42155201870719206,2.695408413570681e-16,0.38959437256513896,5.963065373575085e-14
CBOW,0,5,0,10,125,1,5000000,10,0.3703130653422283,1.854212440481289e-12,0.318510190456197,1.976788947537876e-09
CBOW,0,5,0,10,125,1,7000000,10,0.3726268146821305,8.999954858738439e-13,0.3506231007137251,2.1851802383557282e-11
CBOW,0,5,0,10,125,1,9000000,10,0.40660503813788285,2.7485227648064355e-15,0.38199687089010437,1.5563761891683511e-13
CBOW,0,5,0,10,125,6,1000000,10,0.4659214677281763,3.2260094065924767e-18,0.4506758894610785,5.17127333078688e-17
CBOW,0,5,0,10,125,6,3000000,10,0.46494836531653333,1.3281509081198296e-17,0.44986598762242663,1.8788545095841981e-16
CBOW,0,5,0,10,125,6,5000000,10,0.4922292015184269,2.205118638786149e-20,0.48548520350864266,8.524020194481595e-20
CBOW,0,5,0,10,125,6,7000000,10,0.45753773305746553,1.699854537289182e-17,0.4428400582973687,2.279906496383811e-16
CBOW,0,5,0,10,125,6,9000000,10,0.4776566986978619,5.12931490766996e-19,0.46807380577372504,3.1391837997040653e-18
CBOW,0,5,0,10,150,1,1000000,10,0.40812968567474434,1.9295401241990776e-15,0.3776743486748848,2.825938109545637e-13
CBOW,0,5,0,10,150,1,3000000,10,0.3943225983844306,2.7811961541218358e-14,0.3368532362693088,1.3384941892552442e-10
CBOW,0,5,0,10,150,1,5000000,10,0.3805801960814863,2.46833271290773e-13,0.36728157480579443,1.8556023287288793e-12
CBOW,0,5,0,10,150,1,7000000,10,0.3905100755990415,4.733596713801758e-14,0.33779940513417234,1.1088942341421669e-10
CBOW,0,5,0,10,150,1,9000000,10,0.378658678756631,2.8381998149994626e-13,0.35298020265008984,1.2812388297315278e-11
CBOW,0,5,0,10,150,6,1000000,10,0.4294298846242576,2.9853927550221355e-15,0.41619420601714474,2.476253359341731e-14
CBOW,0,5,0,10,150,6,3000000,10,0.4568888319277871,4.3862849662030945e-17,0.44092735111729187,6.82556344000387e-16
CBOW,0,5,0,10,150,6,5000000,10,0.4686325258676341,1.0360846560884363e-18,0.4440483565437267,9.485347466320511e-17
CBOW,0,5,0,10,150,6,7000000,10,0.5091313861548173,1.1932434007576336e-21,0.4849240956805972,1.638838826893004e-19
CBOW,0,5,0,10,150,6,9000000,10,0.4736880178247082,6.625903081242047e-18,0.4651893176254007,3.0204568223363886e-17
CBOW,0,5,0,10,175,1,1000000,10,0.41018019266070727,1.9676626834613095e-15,0.37773678105600805,3.829144119390943e-13
CBOW,0,5,0,10,175,1,3000000,10,0.39552514801783256,2.286322166878988e-14,0.3688854892010435,1.4619764438992857e-12
CBOW,0,5,0,10,175,1,5000000,10,0.39076224670899723,6.367001625290136e-14,0.36973119980388014,1.6132834194074233e-12
CBOW,0,5,0,10,175,1,7000000,10,0.4088851710442189,2.455856454101585e-15,0.3854938775434515,1.1440872681949004e-13
CBOW,0,5,0,10,175,1,9000000,10,0.3957141788101362,1.4380673720632322e-14,0.3693830707827979,9.34101365800215e-13
CBOW,0,5,0,10,175,6,1000000,10,0.4817763629837649,2.0236262117751964e-19,0.4661875126463947,3.934539444920878e-18
CBOW,0,5,0,10,175,6,3000000,10,0.4889543378558139,7.418042007806259e-20,0.4639882776987946,8.540381973098887e-18
CBOW,0,5,0,10,175,6,5000000,10,0.49905503071994883,1.1224650667420716e-20,0.47913111505530054,5.738325153582602e-19
CBOW,0,5,0,10,175,6,7000000,10,0.4783942112869334,1.5543440500879813e-19,0.4610072084245701,4.373788849779331e-18
CBOW,0,5,0,10,175,6,9000000,10,0.5083436015745421,1.906549591487101e-21,0.49217606684777016,5.1722412357274887e-20
CBOW,0,5,0,10,200,1,1000000,10,0.375794356129276,4.0860463340863857e-13,0.337606381475446,1.0054422501146203e-10
CBOW,0,5,0,10,200,1,3000000,10,0.3876431116008152,5.3800627247415036e-14,0.36736323475051397,1.2670413696934605e-12
CBOW,0,5,0,10,200,1,5000000,10,0.41931234745946955,3.296439014595825e-16,0.3866664181454936,8.060961565778795e-14
CBOW,0,5,0,10,200,1,7000000,10,0.3816175265696832,2.1007300526335208e-13,0.3601050292820245,5.306260866411506e-12
CBOW,0,5,0,10,200,1,9000000,10,0.34729890895372934,3.038039119948484e-11,0.3046053009588041,7.31652590553703e-09
CBOW,0,5,0,10,200,6,1000000,10,0.47606727046363506,1.729117854405815e-18,0.45799595992912523,4.5784988398692965e-17
CBOW,0,5,0,10,200,6,3000000,10,0.4488172812076822,1.270809116494785e-16,0.4425370164155567,3.7382180132493976e-16
CBOW,0,5,0,10,200,6,5000000,10,0.42953934494941937,2.6439685424704e-15,0.40618938884639877,1.0522781939487597e-13
CBOW,0,5,0,10,200,6,7000000,10,0.44266877644343167,2.622911257459548e-16,0.4220927739716661,7.993135269679847e-15
CBOW,0,5,0,10,200,6,9000000,10,0.4982181513647364,2.3705340648042477e-20,0.48042534226871525,7.61893766605834e-19
CBOW,0,5,0,30,100,1,1000000,10,0.5263089176925874,2.933690450591225e-26,0.5032982502978065,8.240979657361397e-24
CBOW,0,5,0,30,100,1,3000000,10,0.51432745282853,1.26549566305601e-24,0.4951590462410866,1.1143921930359158e-22
CBOW,0,5,0,30,100,1,5000000,10,0.4744183847830373,5.468690095759736e-21,0.4231006742480514,1.3700085443174908e-16
CBOW,0,5,0,30,100,1,7000000,10,0.5120149711839374,1.023892256385723e-24,0.4961837057134598,4.327146251012271e-23
CBOW,0,5,0,30,100,1,9000000,10,0.500941085207998,3.981179247582963e-23,0.4936168631766261,2.093003172737151e-22
CBOW,0,5,0,30,100,6,1000000,10,0.5653064276631315,4.533912803037172e-27,0.5554775124672529,5.213677572138526e-26
CBOW,0,5,0,30,100,6,3000000,10,0.5636010103558113,3.2229631265955516e-27,0.5448149763964703,3.3117322241748126e-25
CBOW,0,5,0,30,100,6,5000000,10,0.55387320202513,7.70820201989053e-26,0.5421382854557366,1.2635861962300944e-24
CBOW,0,5,0,30,100,6,7000000,10,0.5687369983453351,7.0808957138091235e-28,0.5513728353211407,5.65952357111772e-26
CBOW,0,5,0,30,125,1,1000000,10,0.5346583755928073,6.709651410964741e-27,0.5093399926455973,3.583551964388386e-24
CBOW,0,5,0,50,100,1,1000000,10,0.5445297634469014,4.192524306953973e-28,0.5307254402185086,1.559955982115635e-26
CBOW,0,5,0,50,100,6,1000000,10,0.5913084215836133,4.707631478472242e-30,0.580565284722043,8.668789408579695e-29
CBOW,0,5,0,50,125,1,1000000,10,0.545259833776393,3.446473365170859e-28,0.5349865371475667,5.199755309230879e-27
CBOW,0,5,1,10,100,1,1000000,10,0.36620615921082267,1.6221444803047034e-12,0.33971576098575734,7.100587399520704e-11
CBOW,0,5,1,10,100,6,1000000,10,0.4733422286272076,2.5236350301867225e-18,0.44605931495410894,3.210275856834263e-16
CBOW,0,5,1,10,125,1,1000000,10,0.3991670962222434,7.405002529717656e-15,0.37539939052930466,3.4429489867270706e-13
CBOW,0,5,1,30,100,1,1000000,10,0.5063487699050916,5.393270990175761e-24,0.49645524338318925,5.409434381063144e-23
CBOW,0,5,1,30,100,6,1000000,10,0.5960891220201879,3.010430114186851e-30,0.5887198844692753,2.2617394393144852e-29
CBOW,0,5,1,30,125,1,1000000,10,0.5210283719844597,1.5299712044446222e-25,0.503956887099636,9.482550993359834e-24
CBOW,0,5,1,50,100,1,1000000,10,0.5528816645123272,2.4937566417451834e-29,0.537400202231255,1.6551169368498422e-27
CBOW,0,5,1,50,100,6,1000000,10,0.6109865270301241,4.339749313894062e-32,0.6025854569935318,4.871061206885546e-31
CBOW,1,10,0,10,100,1,1000000,10,0.46577582797014716,7.144831078964485e-20,0.4503830297428539,1.5483730359595014e-18
CBOW,1,10,0,10,100,6,1000000,10,0.5366541934632015,4.498917141144368e-24,0.5193028154619204,2.1541384034426296e-22
CBOW,1,10,0,30,100,1,1000000,10,0.46469731161855216,2.6025643499614303e-20,0.4815433745985568,6.8353473543905845e-22
CBOW,1,10,0,30,100,6,1000000,10,0.5490109036533176,5.852472025822603e-26,0.5449423389144955,1.5776920251812057e-25
CBOW,1,10,0,50,100,1,1000000,10,0.5347583805772053,1.0883428709752284e-26,0.5270562161023441,7.651664856092728e-26
CBOW,1,10,0,50,100,6,1000000,10,0.624939235790015,4.282105216042709e-35,0.6054383336501287,1.722363117879978e-32
CBOW,1,10,1,10,100,1,1000000,10,0.4532298640835467,5.5677279613259e-19,0.4432635583115285,3.915306335912319e-18
CBOW,1,10,1,10,100,6,1000000,10,0.5401632153207807,1.4130282293056497e-24,0.5164672028413084,2.9016628843395857e-22
CBOW,1,10,1,30,100,1,1000000,10,0.4901388024781258,2.6054137939859256e-22,0.48269821845048644,1.3510461806838195e-21
CBOW,1,10,1,30,100,6,1000000,10,0.5449488259435012,1.5752163088110618e-25,0.5471803263482906,9.158919584391359e-26
CBOW,1,10,1,50,100,1,1000000,10,0.5372261546158289,2.0575200641361796e-27,0.5239694340711248,6.241144589587831e-26
CBOW,1,10,1,50,100,6,1000000,10,0.5870042229444558,4.272620778315194e-30,0.5786029013724124,4.253184525752374e-29
CBOW,1,15,0,10,100,1,1000000,10,0.45575385467398455,4.2565471824046994e-19,0.43932098320439367,1.0342413568407397e-17
CBOW,1,15,0,10,100,6,1000000,10,0.5304502786928611,7.993342680591483e-24,0.5122181964275131,4.551396245152312e-22
CBOW,1,15,0,30,100,1,1000000,10,0.5123445147597695,3.231635991453142e-24,0.5135198160980446,2.4434576507529683e-24
CBOW,1,15,0,30,100,6,1000000,10,0.5948765382143205,5.812072929143309e-31,0.5830873472307905,1.5506519263320626e-29
CBOW,1,15,0,50,100,1,1000000,10,0.5673805458216475,8.751747590339388e-31,0.5665232482139436,1.1205727152211274e-30
CBOW,1,15,0,50,100,6,1000000,10,0.6013522174358388,3.656097328223927e-32,0.5877032147071317,1.8545489582409122e-30
CBOW,1,15,1,10,100,1,1000000,10,0.4429268626461174,2.99777848793301e-18,0.4382797625671409,7.332534123985788e-18
CBOW,1,15,1,10,100,6,1000000,10,0.5585386438322725,1.6856895115333012e-26,0.5398197825738034,1.5310288212774119e-24
CBOW,1,15,1,30,100,1,1000000,10,0.5064092140723508,3.394310891659843e-24,0.5108301230471737,1.1711833441236477e-24
CBOW,1,15,1,30,100,6,1000000,10,0.5615895509577163,1.6892707646878518e-26,0.5540357506766067,1.072626632709263e-25
CBOW,1,15,1,50,100,1,1000000,10,0.552115544178083,6.420413529155352e-29,0.5480325441400923,1.9518603835953217e-28
CBOW,1,15,1,50,100,6,1000000,10,0.6163771759641132,1.6424736631397668e-33,0.6113445596351923,7.510470384398792e-33
CBOW,1,20,0,10,100,1,1000000,10,0.4672430123603788,2.835203285766041e-20,0.4659061463286784,3.746338018138871e-20
CBOW,1,20,0,10,100,6,1000000,10,0.5563725423936193,3.474314427631291e-26,0.5365431828030519,3.8881179458191e-24
CBOW,1,20,0,30,100,1,1000000,10,0.535049095131429,5.115964689342733e-27,0.530496813896663,1.653947504192944e-26
CBOW,1,20,0,30,100,6,1000000,10,0.6147262594195851,1.13770356129186e-32,0.6002015475876831,7.625698971773824e-31
CBOW,1,20,0,50,100,1,1000000,10,0.5516447311445042,2.9276682036682685e-29,0.5475258055204031,9.11802085222286e-29
CBOW,1,20,0,50,100,6,1000000,10,0.5857606417856352,1.7379532889787365e-29,0.5768125292033905,1.9072774817238946e-28
CBOW,1,20,1,10,100,1,1000000,10,0.45912079636608744,2.1667295998540186e-19,0.45746982268169045,3.019993613067469e-19
CBOW,1,20,1,10,100,6,1000000,10,0.5351610178739751,4.50379225937425e-24,0.5242431503532556,5.2932119504763374e-23
CBOW,1,20,1,30,100,1,1000000,10,0.5164717265560207,2.944572957791046e-25,0.5097302105765809,1.5283795419806508e-24
CBOW,1,20,1,30,100,6,1000000,10,0.6031901974562851,6.632191897824878e-32,0.5906531549305044,2.3759668485201062e-30
CBOW,1,20,1,50,100,1,1000000,10,0.569579609190762,4.627054607074718e-31,0.5653880195894245,1.5527624997598328e-30
CBOW,1,20,1,50,100,6,1000000,10,0.5925353996708099,2.6956790009770773e-30,0.5861249047758328,1.5739905505077608e-29
CBOW,1,5,0,10,100,1,1000000,10,0.4946708701045836,8.133953703579434e-23,0.46495215265018136,5.165975871945902e-20
CBOW,1,5,0,10,100,6,1000000,10,0.5362412377343804,2.1018608492007807e-24,0.527202037292887,1.6721609560468666e-23
CBOW,1,5,0,10,125,1,1000000,10,0.4517933748533382,7.404455805394982e-19,0.4497173424844735,1.1153256713624347e-18
CBOW,1,5,0,30,100,1,1000000,10,0.528164561394006,2.996586242453094e-26,0.5311961838903526,1.382717124543419e-26
CBOW,1,5,0,30,100,6,1000000,10,0.5929898630608894,1.5349618706992756e-30,0.5895626683566589,3.9927840153150766e-30
CBOW,1,5,0,30,125,1,1000000,10,0.4979790165462521,2.4748258521066557e-23,0.49996858556970847,1.556229253702823e-23
CBOW,1,5,0,50,100,1,1000000,10,0.5364849313227279,2.1067761278496053e-27,0.5300195808269714,1.1345089031239937e-26
CBOW,1,5,0,50,100,6,1000000,10,0.6057492567767369,1.570374579263694e-32,0.5887025205916995,2.1493536939784878e-30
CBOW,1,5,0,50,125,1,1000000,10,0.582969104290362,4.590786324408618e-33,0.5738934696493991,7.147122449287477e-32
CBOW,1,5,1,10,100,1,1000000,10,0.4295492369944998,4.207376998215636e-17,0.42759498846491173,6.03322620912243e-17
CBOW,1,5,1,10,100,6,1000000,10,0.5259838885748541,1.8688760440405292e-23,0.5030963859269402,2.7133395445030348e-21
CBOW,1,5,1,10,125,1,1000000,10,0.4784840840918054,2.9563672974945276e-21,0.4579652390621462,2.1545496572729112e-19
CBOW,1,5,1,30,100,1,1000000,10,0.518812984200069,1.6477377550984746e-25,0.5145319167343455,4.747347610679025e-25
CBOW,1,5,1,30,100,6,1000000,10,0.577499389437636,2.3949969534308577e-28,0.5671097068874908,3.4912590725885314e-27
CBOW,1,5,1,30,125,1,1000000,10,0.5372695228184184,2.0341735698418243e-27,0.5299246980979325,1.3728404058699928e-26
CBOW,1,5,1,50,100,1,1000000,10,0.5176503884217073,2.574434647169076e-25,0.5127634582100488,8.536131757418581e-25
CBOW,1,5,1,50,100,6,1000000,10,0.5773120444702864,2.050762011077428e-28,0.5695969871450767,1.5214790849744079e-27
Fast_Text,0,10,0,10,100,1,1000000,10,0.43119256543751877,4.7067307928203934e-17,0.39599907959056496,2.1159539387778796e-14
Fast_Text,0,10,0,10,100,6,1000000,10,0.4725941712291154,3.29268886344673e-19,0.46135955583738175,2.846911322245625e-18
Fast_Text,0,10,0,30,100,1,1000000,10,0.4654774531572328,5.932478653637595e-20,0.45971102410057196,1.9233675483294642e-19
Fast_Text,0,10,0,30,100,6,1000000,10,0.5784830417249681,8.133133955958867e-29,0.5673207859610857,1.5120723198750664e-27
Fast_Text,0,10,0,50,100,1,1000000,10,0.5502614878398068,4.295105216405735e-29,0.5513672853597409,3.1620614186973266e-29
Fast_Text,0,10,0,50,100,6,1000000,10,0.6188023507697643,1.119224016548458e-34,0.5941049267762303,1.9414131297261998e-31
Fast_Text,0,10,1,10,100,1,1000000,10,0.4601452018363335,1.987099217657845e-19,0.4276315059855983,9.99942885667259e-17
Fast_Text,0,10,1,10,100,6,1000000,10,0.47751970444487984,2.7356403706186716e-19,0.4634499032891901,3.997086197841635e-18
Fast_Text,0,10,1,30,100,1,1000000,10,0.5295853622985416,1.4977645218220345e-26,0.5204567575623184,1.5035793726455702e-25
Fast_Text,0,10,1,30,100,6,1000000,10,0.5830709411080122,2.91889094472025e-29,0.564898749756832,3.410650868087494e-27
Fast_Text,0,10,1,50,100,1,1000000,10,0.5157522438914718,4.110362829225349e-25,0.5268668890290905,2.5450424928430207e-26
Fast_Text,0,10,1,50,100,6,1000000,10,0.6225345459918962,1.5034316110756324e-34,0.6084164233469279,1.1276707020285499e-32
Fast_Text,0,15,0,10,100,1,1000000,10,0.43067138233502367,4.668210960177604e-17,0.4094269639900998,2.0395238588430875e-15
Fast_Text,0,15,0,10,100,6,1000000,10,0.528077892361003,6.059815573657736e-23,0.5131186751301301,1.5045580922420587e-21
Fast_Text,0,15,0,30,100,1,1000000,10,0.5231066084433672,1.7366189727037386e-25,0.5193898528287079,4.331977299032599e-25
Fast_Text,0,15,0,30,100,6,1000000,10,0.6084683636116086,2.2325056713740566e-32,0.5947724135073322,1.1579583978833792e-30
Fast_Text,0,15,0,50,100,1,1000000,10,0.558956769730587,3.7464623244459224e-30,0.5625698488002168,1.331070135322747e-30
Fast_Text,0,15,0,50,100,6,1000000,10,0.6212111080332986,1.2677682887297709e-33,0.6157410644276656,6.616922951864481e-33
Fast_Text,0,15,1,10,100,1,1000000,10,0.4072765101867089,2.686530253762026e-15,0.39490130863497586,2.1304432972126337e-14
Fast_Text,0,15,1,10,100,6,1000000,10,0.5047141366227529,1.4352299797736945e-21,0.4914749390860297,2.2337302679233397e-20
Fast_Text,0,15,1,30,100,1,1000000,10,0.5405139169751971,6.085344056174418e-28,0.5392115293799967,8.615643579710604e-28
Fast_Text,0,15,1,30,100,6,1000000,10,0.6058211205166084,2.437100029778162e-31,0.5882607781460782,3.171135560237484e-29
Fast_Text,0,15,1,50,100,1,1000000,10,0.5706857911056923,1.515409347172585e-31,0.5701039911956727,1.7992594601262867e-31
Fast_Text,0,15,1,50,100,6,1000000,10,0.6226374603739445,9.636005060932658e-36,0.6007386613156062,9.040268236169062e-33
Fast_Text,0,20,0,10,100,1,1000000,10,0.4201571748119936,3.8113657373913373e-16,0.3728071111242045,8.758849032005081e-13
Fast_Text,0,20,0,10,100,6,1000000,10,0.4983775589335569,8.356620717985045e-21,0.4827831916934613,1.900751802217274e-19
Fast_Text,0,20,0,30,100,1,1000000,10,0.5184172863382103,1.8181876157963382e-25,0.5224683716365945,6.596401406813075e-26
Fast_Text,0,20,0,30,100,6,1000000,10,0.6097626793209795,2.4306586314204302e-32,0.6049054269841668,1.0050207490264738e-31
Fast_Text,0,20,0,50,100,1,1000000,10,0.5693214533565656,6.0757332468726965e-31,0.5635610205539673,3.173639042026938e-30
Fast_Text,0,20,0,50,100,6,1000000,10,0.6169148617751458,3.281162312599659e-34,0.6020337432220815,2.9903172550293797e-32
Fast_Text,0,20,1,10,100,1,1000000,10,0.39995023210504665,1.1041302427225837e-14,0.3769363477682313,4.3296188235402205e-13
Fast_Text,0,20,1,10,100,6,1000000,10,0.48875128572200566,3.8718784623122954e-20,0.47751707079852157,3.556666484009638e-19
Fast_Text,0,20,1,30,100,1,1000000,10,0.5493370108799438,6.643647040423122e-29,0.5360152129364625,2.3838150133477862e-27
Fast_Text,0,20,1,30,100,6,1000000,10,0.6075440869092815,5.981612429516875e-31,0.5922725442722548,3.951470696548271e-29
Fast_Text,0,20,1,50,100,1,1000000,10,0.5764774890703416,7.444184201598081e-32,0.577650809945373,5.250184825551883e-32
Fast_Text,0,20,1,50,100,6,1000000,10,0.6110977876991224,3.319773980080289e-32,0.5996484658852528,8.912225089907808e-31
Fast_Text,0,5,0,10,100,1,1000000,10,0.35768032682683953,7.015556530781489e-12,0.335663607191474,1.47470205932062e-10
Fast_Text,0,5,0,10,100,1,3000000,10,0.34422282452889563,4.3528120601673494e-11,0.33836823424174045,9.65486170082127e-11
Fast_Text,0,5,0,10,100,1,5000000,10,0.3486821476275159,2.0552405618323258e-11,0.32168355488492206,7.637990975917354e-10
Fast_Text,0,5,0,10,100,1,7000000,10,0.37177575765960974,6.491667350033923e-13,0.3517820726839092,1.2399525916118188e-11
Fast_Text,0,5,0,10,100,1,9000000,10,0.3826176044791465,1.411468490794864e-13,0.35743462713904994,6.3215162939635285e-12
Fast_Text,0,5,0,10,100,6,1000000,10,0.5113043044780188,1.8855858586827926e-21,0.49747238176132436,3.17865947835268e-20
Fast_Text,0,5,0,10,100,6,3000000,10,0.5453181510545702,5.986436376789103e-25,0.5219650212579302,1.207026783460338e-22
Fast_Text,0,5,0,10,100,6,5000000,10,0.4983956902778722,9.618615440424396e-21,0.4893491856547618,5.972860478088545e-20
Fast_Text,0,5,0,10,100,6,7000000,10,0.5198312490752746,1.638350856269729e-22,0.5113271386313998,1.016946749302945e-21
Fast_Text,0,5,0,10,100,6,9000000,10,0.4628443196654261,1.7145278606405053e-17,0.45848755717506157,3.725381029362542e-17
Fast_Text,0,5,0,10,125,1,1000000,10,0.37177104735299116,7.559235485343192e-13,0.3484345203804395,2.2733817766942456e-11
Fast_Text,0,5,0,10,125,1,3000000,10,0.3986309418968205,1.7879086374608892e-14,0.36106461705121873,5.718306680690802e-12
Fast_Text,0,5,0,10,125,1,5000000,10,0.4010248162994106,9.237202743476211e-15,0.3749352599990488,5.877332104395392e-13
Fast_Text,0,5,0,10,125,1,7000000,10,0.42701505322791883,1.3712562219056472e-16,0.4081341047990321,3.6845729335510275e-15
Fast_Text,0,5,0,10,125,1,9000000,10,0.3601658186380177,4.899952670191083e-12,0.34818300891959264,2.687130284591631e-11
Fast_Text,0,5,0,10,125,6,1000000,10,0.44686195964937114,1.782417083904353e-16,0.4377093092785897,8.440089836271902e-16
Fast_Text,0,5,0,10,125,6,3000000,10,0.5029661217388539,2.0763736574565854e-21,0.4980748771342115,5.770626899235962e-21
Fast_Text,0,5,0,10,125,6,5000000,10,0.5113240790127378,4.731945535069401e-22,0.4956827176539136,1.2577106144790367e-20
Fast_Text,0,5,0,10,125,6,7000000,10,0.4880540577534078,7.723393033733235e-20,0.4767726613219237,6.924170564418232e-19
Fast_Text,0,5,0,10,125,6,9000000,10,0.4926155468108119,3.577648640682916e-20,0.47569314117727196,9.684804860059078e-19
Fast_Text,0,5,0,10,150,1,1000000,10,0.3823232970489833,1.7364136011668827e-13,0.3696470602586109,1.2107651744378295e-12
Fast_Text,0,5,0,10,150,1,3000000,10,0.3685867626304384,1.0536617276036144e-12,0.35724413483481293,5.6528578067038196e-12
Fast_Text,0,5,0,10,150,1,5000000,10,0.3498821241210512,2.1201925960136388e-11,0.3309172051257578,2.757215207361851e-10
Fast_Text,0,5,0,10,150,1,7000000,10,0.4015583228939064,8.452190389668844e-15,0.37319599154278793,7.652531116561795e-13
Fast_Text,0,5,0,10,150,1,9000000,10,0.36856842314717325,1.3207771218855496e-12,0.35308150838088437,1.262958877286864e-11
Fast_Text,0,5,0,10,150,6,1000000,10,0.4690849041281987,2.9486398292379807e-18,0.4592961548309073,1.7711319928976204e-17
Fast_Text,0,5,0,10,150,6,3000000,10,0.5033758456244646,9.670736393224277e-21,0.4917502090640378,9.855873106557371e-20
Fast_Text,0,5,0,10,150,6,5000000,10,0.530120147601085,5.2294810116561595e-24,0.5125623531964991,2.6628984224673906e-22
Fast_Text,0,5,0,10,150,6,7000000,10,0.4917355679507942,3.22444135867594e-20,0.48290841727554146,1.85482609993495e-19
Fast_Text,0,5,0,10,150,6,9000000,10,0.49271463164884555,2.3000454448727802e-20,0.4749084642285483,7.621323771482599e-19
Fast_Text,0,5,0,10,175,1,1000000,10,0.40811777698664076,3.0705888714046385e-15,0.39015687295553453,5.926717136985984e-14
Fast_Text,0,5,0,10,175,1,3000000,10,0.38622704213209724,8.645100336667274e-14,0.37078207221588755,9.469111672744654e-13
Fast_Text,0,5,0,10,175,1,5000000,10,0.3766044173321975,4.555431271442945e-13,0.347385169006586,3.205772208002651e-11
Fast_Text,0,5,0,10,175,1,7000000,10,0.37947084039423074,1.9732083550057894e-13,0.36403333549454425,2.0847111575032194e-12
Fast_Text,0,5,0,10,175,1,9000000,10,0.3905644811448784,4.692316587854732e-14,0.37904836996639646,2.8911866227382413e-13
Fast_Text,0,5,0,10,175,6,1000000,10,0.520607157703046,1.3834075351885331e-22,0.4974085082061469,1.8116141028332857e-20
Fast_Text,0,5,0,10,175,6,3000000,10,0.49749470829796766,6.495740260302799e-20,0.48617146541086076,5.759681863607307e-19
Fast_Text,0,5,0,10,175,6,5000000,10,0.521284817232258,6.286663061690955e-23,0.4985961067612243,7.9894519730197e-21
Fast_Text,0,5,0,10,175,6,7000000,10,0.49055675696987483,5.396956753784093e-20,0.47001533842944465,2.8132347929078435e-18
Fast_Text,0,5,0,10,175,6,9000000,10,0.4936212510024318,4.4664777613791605e-20,0.4650559658539804,1.0176232621032268e-17
Fast_Text,0,5,0,10,200,1,1000000,10,0.38933984035817215,4.8331582420588253e-14,0.3704565021568038,9.225130730828817e-13
Fast_Text,0,5,0,10,200,1,3000000,10,0.3639333647964167,2.445743207116867e-12,0.34162026591608385,5.833257556183038e-11
Fast_Text,0,5,0,10,200,1,5000000,10,0.3713479156506627,1.2686885861095937e-12,0.3543222731320569,1.4909960538221816e-11
Fast_Text,0,5,0,10,200,1,7000000,10,0.3709211200405588,6.858234804880962e-13,0.37236449298473734,5.498650411361014e-13
Fast_Text,0,5,0,10,200,1,9000000,10,0.3859359063594456,9.054767052175487e-14,0.35895447006393044,5.442106806631495e-12
Fast_Text,0,5,0,10,200,6,1000000,10,0.4869247348466286,1.4559475478588787e-19,0.4673529135191284,5.913464720487224e-18
Fast_Text,0,5,0,10,200,6,3000000,10,0.4804093725875114,8.727605724633693e-19,0.46798215251833264,8.694268335886282e-18
Fast_Text,0,5,0,10,200,6,5000000,10,0.4924684702998067,6.463430478784927e-20,0.4810016815582229,5.978564323699833e-19
Fast_Text,0,5,0,10,200,6,7000000,10,0.4697262966578547,1.2269208559252734e-18,0.4479974455616465,6.614244817230158e-17
Fast_Text,0,5,0,10,200,6,9000000,10,0.517249961676232,4.59602947038906e-22,0.508094756947637,3.158973545373e-21
Fast_Text,0,5,0,30,100,1,1000000,10,0.49046428379198304,2.4221911788443966e-22,0.4760600895445725,5.6729597486449974e-21
Fast_Text,0,5,0,30,100,1,3000000,10,0.5113856693195448,1.3898356782738174e-24,0.5013407892036279,1.5111068387069872e-23
Fast_Text,0,5,0,30,100,1,5000000,10,0.4916442527543489,1.0624765662869345e-22,0.4910449300664096,1.2176041090431876e-22
Fast_Text,0,5,0,30,100,1,7000000,10,0.5057952980518642,9.618047590661402e-24,0.5036105240770742,1.6020642394068217e-23
Fast_Text,0,5,0,30,100,1,9000000,10,0.4977521738929613,4.6364000637009525e-23,0.49397036782900317,1.098810397977301e-22
Fast_Text,0,5,0,30,100,6,1000000,10,0.5875107039017404,1.6522228736092175e-29,0.5756084767260421,3.928090262593009e-28
Fast_Text,0,5,0,30,100,6,3000000,10,0.5927499244283189,2.539373992080733e-30,0.5732623174270838,4.835132010359135e-28
Fast_Text,0,5,0,30,100,6,5000000,10,0.596581699733925,3.574083192847318e-31,0.5822752414802749,1.9347765659780585e-29
Fast_Text,0,5,0,30,100,6,7000000,10,0.5891248400593604,1.5404439732729604e-30,0.5801159661082039,1.8686658374750785e-29
Fast_Text,0,5,0,30,125,1,1000000,10,0.5591731410188319,1.0942079248884114e-29,0.5525572778283497,6.833672152983512e-29
Fast_Text,0,5,0,50,100,1,1000000,10,0.5598641726089222,3.495815366258211e-30,0.562746669187253,1.5323954835331118e-30
Fast_Text,0,5,0,50,100,6,1000000,10,0.5972227540800332,1.1282083880093678e-30,0.5794945926557579,1.4159908935850379e-28
Fast_Text,0,5,0,50,125,1,1000000,10,0.5734378786997757,1.8274108234849264e-31,0.5635219593098038,3.209062240555637e-30
Fast_Text,0,5,1,10,100,1,1000000,10,0.39804416496422007,1.3857767439510422e-14,0.3685662351392655,1.4232568319735725e-12
Fast_Text,0,5,1,10,100,6,1000000,10,0.4849411824056984,1.426178746870658e-19,0.47499753903778147,9.706749512515987e-19
Fast_Text,0,5,1,10,125,1,1000000,10,0.38755908196675715,7.594006838122419e-14,0.3578203927003634,6.875658385843818e-12
Fast_Text,0,5,1,30,100,1,1000000,10,0.49892701510734677,4.0887776779891943e-23,0.48356581384024644,1.2784335298830978e-21
Fast_Text,0,5,1,30,100,6,1000000,10,0.6055112442390997,5.322291500471142e-32,0.595503806711875,9.42286199352286e-31
Fast_Text,0,5,1,30,125,1,1000000,10,0.513958041436078,8.694203647344287e-25,0.51148746687189,1.5803820258619199e-24
Fast_Text,0,5,1,50,100,1,1000000,10,0.5302714641752058,1.4833214438524196e-26,0.5306904255745265,1.3321648998986906e-26
Fast_Text,0,5,1,50,100,6,1000000,10,0.6339563390393972,2.99423770914067e-36,0.6117931959841764,3.2341122577090804e-33
Fast_Text,1,10,0,10,100,1,1000000,10,0.46728359516108325,3.606818760902465e-20,0.44971908577523073,1.2500706175010604e-18
Fast_Text,1,10,0,10,100,6,1000000,10,0.5352474254610753,1.5884808978137706e-24,0.5248349520922663,1.748774784673927e-23
Fast_Text,1,10,0,30,100,1,1000000,10,0.539539711208477,1.116732534180092e-27,0.5352035217645831,3.496986499971812e-27
Fast_Text,1,10,0,30,100,6,1000000,10,0.540756615880202,2.0764577139459865e-24,0.5487525226486942,3.172302054018768e-25
Fast_Text,1,10,0,50,100,1,1000000,10,0.5398118813336774,1.2359768561922634e-27,0.5409527892967982,9.133453775921099e-28
Fast_Text,1,10,0,50,100,6,1000000,10,0.6034356620819199,3.1877960571751655e-33,0.5875533128957529,3.5112484926771676e-31
Fast_Text,1,10,1,10,100,1,1000000,10,0.4452686507941242,3.3248407044248284e-18,0.441313477212418,7.089086203542978e-18
Fast_Text,1,10,1,10,100,6,1000000,10,0.5191536490671653,1.898465818715524e-22,0.5254698472897461,4.745406885044398e-23
Fast_Text,1,10,1,30,100,1,1000000,10,0.5512496442073499,1.4072651165980567e-28,0.5426618764335933,1.395554295287631e-27
Fast_Text,1,10,1,30,100,6,1000000,10,0.577664309406209,1.2413198149609855e-28,0.5718511769850143,5.713848457411742e-28
Fast_Text,1,10,1,50,100,1,1000000,10,0.5517769109055306,4.8858915575862765e-29,0.5567560995263552,1.2252780602246628e-29
Fast_Text,1,10,1,50,100,6,1000000,10,0.6098257409901983,5.855225213459419e-33,0.6079237484407228,1.0352543923680614e-32
Fast_Text,1,15,0,10,100,1,1000000,10,0.4469378512178175,1.9217588388619017e-18,0.4514653972045815,7.9009723712212925e-19
Fast_Text,1,15,0,10,100,6,1000000,10,0.5258676767338404,8.473863698830021e-24,0.5145721446899915,1.0777573901246513e-22
Fast_Text,1,15,0,30,100,1,1000000,10,0.5834669893105169,7.385446534274485e-33,0.5698401793346883,4.2891341490209025e-31
Fast_Text,1,15,0,30,100,6,1000000,10,0.6464065254067652,5.307932026462478e-37,0.6323127770088325,5.173881767229017e-35
Fast_Text,1,15,0,50,100,1,1000000,10,0.5306747662801694,1.5803230609667433e-26,0.5263081598238698,4.7934308252240595e-26
Fast_Text,1,15,0,50,100,6,1000000,10,0.6196488156505864,9.810979708728106e-34,0.6012734690534053,2.280952021710352e-31
Fast_Text,1,15,1,10,100,1,1000000,10,0.46903249933795566,2.5054565896628448e-20,0.44925621540182625,1.368744598875282e-18
Fast_Text,1,15,1,10,100,6,1000000,10,0.5484799463861133,6.970162291268324e-25,0.5438974678448131,2.0272478160332433e-24
Fast_Text,1,15,1,30,100,1,1000000,10,0.5268049807466244,4.228327962339179e-26,0.5274062764194193,3.6317393479110294e-26
Fast_Text,1,15,1,30,100,6,1000000,10,0.5974917849424786,2.7538707241005624e-31,0.5893961106938557,2.720083170457453e-30
Fast_Text,1,15,1,50,100,1,1000000,10,0.5500776931994236,9.343835482438919e-29,0.5381212191378908,2.294208625865865e-27
Fast_Text,1,15,1,50,100,6,1000000,10,0.6384875621836776,1.1329346165611046e-36,0.6285558158744157,2.869247172695649e-35
Fast_Text,1,20,0,10,100,1,1000000,10,0.4316928146533336,5.290923930366491e-17,0.4404292660331361,1.0432973863764138e-17
Fast_Text,1,20,0,10,100,6,1000000,10,0.5461820358372855,8.169250981069789e-26,0.5347755215801292,1.262738627553423e-24
Fast_Text,1,20,0,30,100,1,1000000,10,0.5381856162217418,1.5978282162367356e-27,0.530313281507589,1.2423811161804284e-26
Fast_Text,1,20,0,30,100,6,1000000,10,0.5997180617978506,3.3619319673621486e-30,0.5965641055664139,7.991436579087624e-30
Fast_Text,1,20,0,50,100,1,1000000,10,0.5621836101706114,1.4876719037514527e-30,0.5607756558836964,2.2287584857652174e-30
Fast_Text,1,20,0,50,100,6,1000000,10,0.5908490587872631,1.2696946062783988e-29,0.5807007987120962,1.9160072007802547e-28
Fast_Text,1,20,1,10,100,1,1000000,10,0.48618957423065645,8.237671388410085e-22,0.47014134961820464,2.5574641009322196e-20
Fast_Text,1,20,1,10,100,6,1000000,10,0.5593945235972572,1.9891459492203738e-26,0.5608008224271942,1.4030320951096604e-26
Fast_Text,1,20,1,30,100,1,1000000,10,0.5478761675683166,2.036158590496624e-28,0.5377261967950279,3.022395206941025e-27
Fast_Text,1,20,1,30,100,6,1000000,10,0.6168010467808432,7.004426306582526e-34,0.6019560922664985,6.03782674637956e-32
Fast_Text,1,20,1,50,100,1,1000000,10,0.5228906794110348,1.1296927532910935e-25,0.5343337507017564,6.159101090516657e-27
Fast_Text,1,20,1,50,100,6,1000000,10,0.6099602308560624,5.623144847768785e-33,0.5998471403416301,1.1160749697213676e-31
Fast_Text,1,5,0,10,100,1,1000000,10,0.442365787689037,5.19539179549175e-18,0.4258963641001526,1.116888583687535e-16
Fast_Text,1,5,0,10,100,6,1000000,10,0.4824623065873361,2.313953793440413e-19,0.4807148474066076,3.2471123644644375e-19
Fast_Text,1,5,0,10,125,1,1000000,10,0.4619265961175743,7.551046330573746e-20,0.45637088011065424,2.345556754367136e-19
Fast_Text,1,5,0,30,100,1,1000000,10,0.5425251070474706,1.0179561100869702e-27,0.5305086321937135,2.3013976224868325e-26
Fast_Text,1,5,0,30,100,6,1000000,10,0.5708684268856735,8.996308520511274e-28,0.5592338917781192,1.7131285786960363e-26
Fast_Text,1,5,0,30,125,1,1000000,10,0.5171779649319752,3.3851588679348684e-25,0.5119618805813346,1.2091179900423315e-24
Fast_Text,1,5,0,50,100,1,1000000,10,0.5723659067068178,3.732921072900341e-31,0.5631528599339652,5.2338720147702066e-30
Fast_Text,1,5,0,50,100,6,1000000,10,0.5926885825695495,1.343141018337301e-30,0.5843344832506918,1.3607798909806338e-29
Fast_Text,1,5,1,10,100,1,1000000,10,0.4552371799047981,5.306660944893236e-19,0.4522791248821451,9.519843157606087e-19
Fast_Text,1,5,1,10,100,6,1000000,10,0.5158502982927867,1.7739761920997433e-22,0.4999886950399903,5.1842749576026446e-21
Fast_Text,1,5,1,10,125,1,1000000,10,0.42585188327083445,5.534685126441764e-17,0.44260798231281767,2.289755122696991e-18
Fast_Text,1,5,1,30,100,1,1000000,10,0.5032528872824436,7.187774486875777e-24,0.5048625890193001,4.907274888364026e-24
Fast_Text,1,5,1,30,100,6,1000000,10,0.5913817391538307,6.555833677100235e-31,0.583012378081964,6.852371436359843e-30
Fast_Text,1,5,1,30,125,1,1000000,10,0.5220064943835205,1.1992272339727495e-25,0.5089806994908447,2.8836542943937076e-24
Fast_Text,1,5,1,50,100,1,1000000,10,0.5717035195318808,7.527029168620878e-32,0.5715098408269159,7.974278049319373e-32
Fast_Text,1,5,1,50,100,6,1000000,10,0.6056149120605812,1.6315073484419414e-31,0.5933343542996801,5.1726612768619406e-30
Skip_gram,0,10,0,10,100,1,1000000,10,0.16168381033606,0.0024134012104266274,0.10638254244227792,0.04672744561037924
Skip_gram,0,10,0,10,100,6,1000000,10,0.19902227582346757,0.0005029803274864705,0.11060298605809132,0.05485805877652801
Skip_gram,0,10,0,30,100,1,1000000,10,0.23339356339823708,1.1868017284971535e-05,0.13288215422458732,0.013504408872342513
Skip_gram,0,10,0,30,100,6,1000000,10,0.21644558320764698,0.00012245736267604485,0.14409117353561482,0.011085041414055781
Skip_gram,0,10,0,50,100,1,1000000,10,0.2183815329367015,4.079208112323628e-05,0.17868586143854856,0.0008273285702552387
Skip_gram,0,10,0,50,100,6,1000000,10,0.19931907813251043,0.0004825301520459775,0.10671535456420624,0.06356680480528389
Skip_gram,0,10,1,10,100,1,1000000,10,0.3862279509850805,7.9619518020946e-14,0.3440156525958291,4.199349829329147e-11
Skip_gram,0,10,1,10,100,6,1000000,10,0.4000683857122292,4.1128536463613017e-13,0.3823709352750079,5.073580881607734e-12
Skip_gram,0,10,1,30,100,1,1000000,10,0.5193391502645082,2.725445797429046e-25,0.4848286459949654,8.468120966297567e-22
Skip_gram,0,10,1,30,100,6,1000000,10,0.5090924135699755,1.2031207975904865e-21,0.4779000359678068,6.364246120400152e-19
Skip_gram,0,10,1,50,100,1,1000000,10,0.5130268710000219,2.355235479224579e-24,0.48861685883321493,6.35244991878662e-22
Skip_gram,0,10,1,50,100,6,1000000,10,0.5266171183330272,6.015250526643711e-23,0.498583680591928,2.2026986410526598e-20
Skip_gram,0,15,0,10,100,1,1000000,10,0.15260525061802077,0.004383348830052133,0.0788066104088715,0.1429245301793807
Skip_gram,0,15,0,10,100,6,1000000,10,0.2156141895482688,0.00014775741878373885,0.11326681818446456,0.04811378530116849
Skip_gram,0,15,0,30,100,1,1000000,10,0.1947559863334868,0.00024165255777050155,0.0708145430165671,0.18562271059791247
Skip_gram,0,15,0,30,100,6,1000000,10,0.25153939674962883,8.14700096669944e-06,0.22690242223312349,6.023630024740339e-05
Skip_gram,0,15,0,50,100,1,1000000,10,0.19780795064782872,0.00021325204814637584,0.07825699462346394,0.1463278651483441
Skip_gram,0,15,0,50,100,6,1000000,10,0.15896449503435547,0.005243293547467548,0.11955298180375262,0.03628607533481779
Skip_gram,0,15,1,10,100,1,1000000,10,0.3947484398534947,2.0042511989222167e-14,0.37393916819494116,5.432003313855013e-13
Skip_gram,0,15,1,10,100,6,1000000,10,0.421030710768994,6.3738880024485875e-15,0.39263951476673814,5.12548367119542e-13
Skip_gram,0,15,1,30,100,1,1000000,10,0.48138577319580983,1.5743094662610633e-21,0.4629887359207422,7.742441895531742e-20
Skip_gram,0,15,1,30,100,6,1000000,10,0.5435838755016931,1.8356072412063665e-25,0.5229646979654968,2.2698777855030217e-23
Skip_gram,0,15,1,50,100,1,1000000,10,0.52441513314233,9.075230740014907e-26,0.5046658737124322,1.079904480484888e-23
Skip_gram,0,15,1,50,100,6,1000000,10,0.5414081848795309,7.438560006872649e-25,0.5316379156163579,7.202603313232557e-24
Skip_gram,0,20,0,10,100,1,1000000,10,0.15938296981968958,0.0031202845735711316,0.060131874176780495,0.26744495102871313
Skip_gram,0,20,0,10,100,6,1000000,10,0.2172805689809929,0.00014132283338998545,0.11894875696077106,0.03884013329897937
Skip_gram,0,20,0,30,100,1,1000000,10,0.1450333599911717,0.0069677900995094525,0.008959871617549815,0.8682973700961645
Skip_gram,0,20,0,30,100,6,1000000,10,0.19301291457733452,0.0007017207324721879,0.09087478720974033,0.11323423464568926
Skip_gram,0,20,0,50,100,1,1000000,10,0.19260451208706397,0.0003269215845044395,0.08749242973189232,0.10524426510471742
Skip_gram,0,20,0,50,100,6,1000000,10,0.18143261524744134,0.0012880487105695248,0.046345676670009814,0.41462569121142345
Skip_gram,0,20,1,10,100,1,1000000,10,0.3595244659870829,4.054179549600707e-12,0.34338408304779017,4.0294218621419664e-11
Skip_gram,0,20,1,10,100,6,1000000,10,0.4466550253223966,1.5782159139648445e-15,0.4362574055429812,8.245492808401284e-15
Skip_gram,0,20,1,30,100,1,1000000,10,0.47426787453067193,4.965449365154955e-21,0.46384691218547364,4.493111455389717e-20
Skip_gram,0,20,1,30,100,6,1000000,10,0.5141186256529907,8.944626403266357e-22,0.5024105164710051,1.0157102633200086e-20
Skip_gram,0,20,1,50,100,1,1000000,10,0.5027051400853215,8.180823224777194e-24,0.49154782580336603,1.0860503802648403e-22
Skip_gram,0,20,1,50,100,6,1000000,10,0.5495071848689234,3.007222032267769e-26,0.5235213688077094,1.4484474574491968e-23
Skip_gram,0,5,0,10,100,1,1000000,10,0.1805459711756658,0.0007149731020365281,0.08076478911412276,0.1326626953387001
Skip_gram,0,5,0,10,100,1,3000000,10,0.21301575087297897,5.8918074731873624e-05,0.15408909357660064,0.003855999772590813
Skip_gram,0,5,0,10,100,1,5000000,10,0.17976007751123313,0.0007549678350526257,0.11568169043324111,0.030966899228115
Skip_gram,0,5,0,10,100,1,7000000,10,0.18923923529835107,0.0004253117869486316,0.10373943456348281,0.05492747456366433
Skip_gram,0,5,0,10,100,1,9000000,10,0.2068475951639506,0.00012220380143974292,0.15105149958616684,0.005254118950806556
Skip_gram,0,5,0,10,100,6,1000000,10,0.28322730356951414,4.920197788797069e-07,0.2506441791514875,9.412050055376093e-06
Skip_gram,0,5,0,10,100,6,3000000,10,0.3179270410243163,2.1193477392884285e-08,0.24890711788243575,1.4248557812837897e-05
Skip_gram,0,5,0,10,100,6,5000000,10,0.26851033019915793,1.8830197576458582e-06,0.1806829043252767,0.0015041244911667446
Skip_gram,0,5,0,10,100,6,7000000,10,0.31155921873134385,2.2142411025092613e-08,0.2852112074107104,3.404708498423882e-07
Skip_gram,0,5,0,10,100,6,9000000,10,0.21654577937402814,0.0001155157970692455,0.17311126837306987,0.002150052882864934
Skip_gram,0,5,0,10,125,1,1000000,10,0.22132068674214728,3.0243512863737347e-05,0.17686566726989444,0.0009051260072277488
Skip_gram,0,5,0,10,125,1,3000000,10,0.19804626604190917,0.00020945694136342762,0.10857389913516066,0.04356493345732224
Skip_gram,0,5,0,10,125,1,5000000,10,0.19753077203600516,0.00021318069820785057,0.1421870022959775,0.007987839809952171
Skip_gram,0,5,0,10,125,1,7000000,10,0.21625395772009573,5.248616108616447e-05,0.18831936368588056,0.00044548432378505677
Skip_gram,0,5,0,10,125,1,9000000,10,0.18442443092127536,0.000544766217922165,0.11991770055597929,0.025282066963146922
Skip_gram,0,5,0,10,125,6,1000000,10,0.239829478414419,2.8652421331035127e-05,0.22152438877250225,0.00011523481350486971
Skip_gram,0,5,0,10,125,6,3000000,10,0.23098902233986376,4.02191301651276e-05,0.17243066131626006,0.00231490531938797
Skip_gram,0,5,0,10,125,6,5000000,10,0.2471303850176088,1.0374234522017286e-05,0.2238951896361944,6.798837938876124e-05
Skip_gram,0,5,0,10,125,6,7000000,10,0.28046461863084066,8.639965222279236e-07,0.25165245939978076,1.0980714040541561e-05
Skip_gram,0,5,0,10,125,6,9000000,10,0.25805841414335406,5.345753233899159e-06,0.18903043601002462,0.0009440394956997698
Skip_gram,0,5,0,10,150,1,1000000,10,0.19709679520643628,0.00022026491105168016,0.15541383603805453,0.003704962688316964
Skip_gram,0,5,0,10,150,1,3000000,10,0.2162970856148109,4.494327288776577e-05,0.13621299437513926,0.01073846026075956
Skip_gram,0,5,0,10,150,1,5000000,10,0.23739928702858687,7.808404392944578e-06,0.19578864822066006,0.00024297309653735488
Skip_gram,0,5,0,10,150,1,7000000,10,0.20401706843742373,0.0001268054892072103,0.16670994553612098,0.0018047669108866426
Skip_gram,0,5,0,10,150,1,9000000,10,0.1787694783045498,0.0008083264157602377,0.12784691996696346,0.017024778184225462
Skip_gram,0,5,0,10,150,6,1000000,10,0.29119920153961865,1.8737820800443325e-07,0.2836614201118429,3.9648919408631823e-07
Skip_gram,0,5,0,10,150,6,3000000,10,0.304096275676347,6.34168573165449e-08,0.29174413312555014,2.232270325090685e-07
Skip_gram,0,5,0,10,150,6,5000000,10,0.215273912593855,0.00012381544851477403,0.1564669503378258,0.005533518449279827
Skip_gram,0,5,0,10,150,6,7000000,10,0.21948546195643076,0.00010558218502114266,0.1836855148192168,0.001225612632507858
Skip_gram,0,5,0,10,150,6,9000000,10,0.28050848394717626,5.868137365109818e-07,0.218567897904176,0.00011302649513455387
Skip_gram,0,5,0,10,175,1,1000000,10,0.19465587227109524,0.00029308309289023785,0.13720010495986357,0.011084997159860957
Skip_gram,0,5,0,10,175,1,3000000,10,0.19654124090015382,0.00022965505746239893,0.14459637706729359,0.006975619034800735
Skip_gram,0,5,0,10,175,1,5000000,10,0.1650124086216178,0.0019528206921266616,0.10699854020284032,0.045463086233009445
Skip_gram,0,5,0,10,175,1,7000000,10,0.22688465441639702,2.4070469894134797e-05,0.1846155715817551,0.0006237783638134565
Skip_gram,0,5,0,10,175,1,9000000,10,0.19445304464433402,0.0002854807050586036,0.1577832343957881,0.0033441694258479118
Skip_gram,0,5,0,10,175,6,1000000,10,0.2751442935288591,1.1514729288718073e-06,0.22353720998368767,8.680786544111943e-05
Skip_gram,0,5,0,10,175,6,3000000,10,0.28007266996884767,6.383990654804141e-07,0.2519887471238177,8.113165880335167e-06
Skip_gram,0,5,0,10,175,6,5000000,10,0.2571181808802241,3.778439237167842e-06,0.20711420042075368,0.00021431757191714204
Skip_gram,0,5,0,10,175,6,7000000,10,0.2701055173382832,1.5034903019945066e-06,0.2169093129172026,0.0001245234378923158
Skip_gram,0,5,0,10,175,6,9000000,10,0.2963483423847562,1.4745338332287827e-07,0.25570261028248115,6.551799741688627e-06
Skip_gram,0,5,0,10,200,1,1000000,10,0.19882624229819132,0.00018917664594253448,0.16525632854552488,0.0019813191512873377
Skip_gram,0,5,0,10,200,1,3000000,10,0.19632607798715385,0.00025379223679834604,0.16045575507922813,0.002880913859735707
Skip_gram,0,5,0,10,200,1,5000000,10,0.21293745372270564,6.540427152250127e-05,0.13201611505060026,0.01398998302282266
Skip_gram,0,5,0,10,200,1,7000000,10,0.2109803742869312,8.231469687172921e-05,0.17781367638789583,0.0009412271799046911
Skip_gram,0,5,0,10,200,1,9000000,10,0.16794011442593132,0.00159079643338438,0.11033616257474102,0.03882038233316578
Skip_gram,0,5,0,10,200,6,1000000,10,0.30981035779933386,2.8202672208465945e-08,0.23917823178029252,2.213144318949634e-05
Skip_gram,0,5,0,10,200,6,3000000,10,0.3048489214288994,6.817964726468211e-08,0.2584838501445422,5.537694137921211e-06
Skip_gram,0,5,0,10,200,6,5000000,10,0.28223498675548475,5.652267545964157e-07,0.2658989596196026,2.577238351862973e-06
Skip_gram,0,5,0,10,200,6,7000000,10,0.2987034689231922,1.4785409384787894e-07,0.28514526058194717,5.557478057463636e-07
Skip_gram,0,5,0,10,200,6,9000000,10,0.2571385142373912,5.0182080828635534e-06,0.21611744561244198,0.00013539377894855603
Skip_gram,0,5,0,30,100,1,1000000,10,0.2663060929988537,4.2837061112127655e-07,0.1945826991308408,0.0002499101288865271
Skip_gram,0,5,0,30,100,1,3000000,10,0.256378086216554,1.4458950044383024e-06,0.17200062771957617,0.0013627639398363794
Skip_gram,0,5,0,30,100,1,5000000,10,0.20278162205018185,0.00013959925874283382,0.10172716264820592,0.05798800993999993
Skip_gram,0,5,0,30,100,1,7000000,10,0.2378842088387489,7.248075091676612e-06,0.1251627795455611,0.019508313893469038
Skip_gram,0,5,0,30,100,1,9000000,10,0.2591270691820563,1.1043716302539201e-06,0.18631591825770372,0.0005136585318990239
Skip_gram,0,5,0,30,100,6,1000000,10,0.2922650594462943,1.93237012700656e-07,0.26629248927857285,2.3041434577209933e-06
Skip_gram,0,5,0,30,100,6,3000000,10,0.2853923760912083,4.551404378739457e-07,0.20452512350734092,0.00034700634144792225
Skip_gram,0,5,0,30,100,6,5000000,10,0.27462876405637965,9.459949851292784e-07,0.19423593766109137,0.000596340921997296
Skip_gram,0,5,0,30,100,6,7000000,10,0.31828722157584166,9.443871878533482e-09,0.28197073520575155,4.291844963336803e-07
Skip_gram,0,5,0,30,125,1,1000000,10,0.28007661842159653,1.7190252293042296e-07,0.23194778919929976,1.7005061948148445e-05
Skip_gram,0,5,0,50,100,1,1000000,10,0.24149261637429162,5.2039913976419465e-06,0.1633410187974699,0.002238043761354204
Skip_gram,0,5,0,50,100,6,1000000,10,0.28403854744694473,3.991165778747723e-07,0.24572799523688366,1.288562674344415e-05
Skip_gram,0,5,0,50,125,1,1000000,10,0.2659663477726637,6.0146286306884e-07,0.20108379955117694,0.00018155918873710708
Skip_gram,0,5,1,10,100,1,1000000,10,0.3483952054903668,2.4421095842731447e-11,0.34075644366856667,6.990180180686325e-11
Skip_gram,0,5,1,10,100,6,1000000,10,0.4204910609604424,1.1402161594297351e-14,0.3954522984570903,5.211821231833806e-13
Skip_gram,0,5,1,10,125,1,1000000,10,0.3748119235616053,5.5443098248303e-13,0.3603579985376166,4.765225117535393e-12
Skip_gram,0,5,1,30,100,1,1000000,10,0.47401954252811646,5.956793149471162e-21,0.4411156369544273,4.747988875632698e-18
Skip_gram,0,5,1,30,100,6,1000000,10,0.5570391091616603,2.9484794343860263e-26,0.5275989163141777,2.954297512543473e-23
Skip_gram,0,5,1,30,125,1,1000000,10,0.4646580346389601,7.021277421338001e-20,0.44546348587000284,3.2022991269883687e-18
Skip_gram,0,5,1,50,100,1,1000000,10,0.48635374578532004,4.604982182284698e-22,0.4633840064896737,6.316669700819898e-20
Skip_gram,0,5,1,50,100,6,1000000,10,0.5191659537534569,3.875450647249492e-23,0.49532491947008095,6.641426239273449e-21
Skip_gram,1,10,0,10,100,1,1000000,10,0.25422917710775045,1.9769203340232756e-06,0.24392060984022768,5.195003165703595e-06
Skip_gram,1,10,0,10,100,6,1000000,10,0.3217526874544048,6.0325717606134975e-09,0.3220933596669761,5.802243290714501e-09
Skip_gram,1,10,0,30,100,1,1000000,10,0.36096482513291467,3.5240100101300177e-12,0.3303103408630086,2.4993063095826227e-10
Skip_gram,1,10,0,30,100,6,1000000,10,0.429018537889336,3.1927640439749087e-15,0.44439528839528497,2.435314719798821e-16
Skip_gram,1,10,0,50,100,1,1000000,10,0.3936377962758937,2.4044994061018777e-14,0.3384131049701635,9.0179532574413e-11
Skip_gram,1,10,0,50,100,6,1000000,10,0.3863647449027909,2.096840538946989e-12,0.3897758820541029,1.2905885499041878e-12
Skip_gram,1,10,1,10,100,1,1000000,10,0.394679569869122,1.8598852421778922e-14,0.40147078881448156,6.000636788827013e-15
Skip_gram,1,10,1,10,100,6,1000000,10,0.46032268302621754,8.049847681676741e-18,0.457953191231183,1.2421007796127487e-17
Skip_gram,1,10,1,30,100,1,1000000,10,0.4542699851048207,3.1860848041981614e-19,0.4572119655538198,1.7569793849621086e-19
Skip_gram,1,10,1,30,100,6,1000000,10,0.5737015320418867,7.886218261983155e-28,0.5519586712880236,1.7685706035259001e-25
Skip_gram,1,10,1,50,100,1,1000000,10,0.5082022620044271,3.472247168691689e-24,0.5014808087370334,1.69277851518979e-23
Skip_gram,1,10,1,50,100,6,1000000,10,0.5511384142846594,9.65327775086466e-27,0.5396514662076278,1.6649736094836497e-25
Skip_gram,1,15,0,10,100,1,1000000,10,0.2722032279518467,2.4072147281701944e-07,0.20845347689318186,8.72912805308953e-05
Skip_gram,1,15,0,10,100,6,1000000,10,0.30717239507422256,3.9400092654535953e-08,0.30730159320642747,3.886150738068317e-08
Skip_gram,1,15,0,30,100,1,1000000,10,0.30246585836364737,1.2667379850044256e-08,0.2746531958661163,2.6754752913364514e-07
Skip_gram,1,15,0,30,100,6,1000000,10,0.3877578085314604,1.8700280685333948e-12,0.37288880019772735,1.4585914418753475e-11
Skip_gram,1,15,0,50,100,1,1000000,10,0.33183347114993866,3.4996145895707826e-10,0.32926671186121986,4.864647509386869e-10
Skip_gram,1,15,0,50,100,6,1000000,10,0.28658509123288634,2.972367422924733e-07,0.25654436161660965,4.92307141871579e-06
Skip_gram,1,15,1,10,100,1,1000000,10,0.47528560721956414,5.166519980154954e-21,0.4554417707190846,3.182622688079998e-19
Skip_gram,1,15,1,10,100,6,1000000,10,0.4710444797019676,1.8011887263104198e-18,0.4511072888919718,6.770205226278818e-17
Skip_gram,1,15,1,30,100,1,1000000,10,0.5502014141343605,9.033323266365897e-29,0.5206039557029694,1.994073856264344e-25
Skip_gram,1,15,1,30,100,6,1000000,10,0.5448990838473234,2.7172852233980267e-25,0.5373152820285838,1.6359672665512265e-24
Skip_gram,1,15,1,50,100,1,1000000,10,0.5446596985829241,4.048973372508555e-28,0.5317561658874522,1.1976172325797567e-26
Skip_gram,1,15,1,50,100,6,1000000,10,0.5262381215167289,4.001022355608269e-23,0.5107830398683813,1.140972988370434e-21
Skip_gram,1,20,0,10,100,1,1000000,10,0.2663224398795122,3.962528172804758e-07,0.2076326998073779,8.689881259051328e-05
Skip_gram,1,20,0,10,100,6,1000000,10,0.27985025800344254,5.744003300208847e-07,0.30741688301287184,3.4652037081816514e-08
Skip_gram,1,20,0,30,100,1,1000000,10,0.27393090827131444,2.2631136003302058e-07,0.2116859780339443,7.235650735129278e-05
Skip_gram,1,20,0,30,100,6,1000000,10,0.36781357580548457,3.588682838068591e-11,0.266699818896691,2.3979659574053525e-06
Skip_gram,1,20,0,50,100,1,1000000,10,0.3576585664712187,7.546596054063502e-12,0.33772425937056216,1.1916960584356516e-10
Skip_gram,1,20,0,50,100,6,1000000,10,0.3604410288944838,1.0003854377389566e-10,0.3434783597397119,8.146430281463289e-10
Skip_gram,1,20,1,10,100,1,1000000,10,0.3899089754056358,3.152658793590382e-14,0.3870303714029011,5.034666997526439e-14
Skip_gram,1,20,1,10,100,6,1000000,10,0.5002384939803787,1.0194522881776438e-20,0.4967032751186661,2.0889620175211592e-20
Skip_gram,1,20,1,30,100,1,1000000,10,0.522893929035653,8.178137173354675e-26,0.4992339998908688,2.4679642835604948e-23
Skip_gram,1,20,1,30,100,6,1000000,10,0.5407215230811138,1.2400506790269838e-24,0.5204741688449789,1.2140793325190543e-22
Skip_gram,1,20,1,50,100,1,1000000,10,0.5366631891476218,9.39105354603542e-27,0.523881423997213,2.329262352206438e-25
Skip_gram,1,20,1,50,100,6,1000000,10,0.5641643110748856,6.047040370420715e-27,0.5504332482869106,1.7700327140303644e-25
Skip_gram,1,5,0,10,100,1,1000000,10,0.3226522500500338,6.749322470471823e-10,0.3269283823418732,3.888997199147942e-10
Skip_gram,1,5,0,10,100,6,1000000,10,0.3511213394836655,1.1711468577944966e-10,0.35925669334388716,4.0298782123347416e-11
Skip_gram,1,5,0,10,125,1,1000000,10,0.28776496564970044,4.842979448847338e-08,0.28933122878031065,4.064733260496651e-08
Skip_gram,1,5,0,30,100,1,1000000,10,0.40136831123766603,7.297954737712136e-15,0.4039008765733526,4.7666804051710356e-15
Skip_gram,1,5,0,30,100,6,1000000,10,0.4870511446305908,6.243812065085709e-20,0.4849481674985511,9.480901873548933e-20
Skip_gram,1,5,0,30,125,1,1000000,10,0.38790012827993503,8.489799917060855e-14,0.3952792192016028,2.5946247161573638e-14
Skip_gram,1,5,0,50,100,1,1000000,10,0.4522132117299332,7.650005965239806e-19,0.4288778304344588,6.488704185370666e-17
Skip_gram,1,5,0,50,100,6,1000000,10,0.5021876769499334,1.2310553727930444e-20,0.5016959357836153,1.359998867285032e-20
Skip_gram,1,5,1,10,100,1,1000000,10,0.3460974398397801,2.950117818434864e-11,0.3554691607932518,7.83031070976423e-12
Skip_gram,1,5,1,10,100,6,1000000,10,0.45969152408195957,6.987753607181615e-17,0.44287268616271624,1.194319956301688e-15
Skip_gram,1,5,1,10,125,1,1000000,10,0.38797865365750295,6.016443253119233e-14,0.39462476573812844,2.0453699159594472e-14
Skip_gram,1,5,1,30,100,1,1000000,10,0.5035926375134789,1.0329451031117576e-23,0.49790189339416757,3.87941388139144e-23
Skip_gram,1,5,1,30,100,6,1000000,10,0.5622934944354698,9.69853341844674e-28,0.5462343907607135,5.641057155391481e-26
Skip_gram,1,5,1,30,125,1,1000000,10,0.4990506498611122,7.088137402453318e-23,0.4900304513671927,5.341729788109657e-22
Skip_gram,1,5,1,50,100,1,1000000,10,0.5379414106773897,1.4345471260627225e-27,0.5253764172813314,3.7179784661691513e-26
Skip_gram,1,5,1,50,100,6,1000000,10,0.5607850345016874,4.415731367861113e-26,0.5525158339828177,3.226679920000323e-25
